CPT,Modifier1,Modifier2,POS,Fee,Effective,Terminate
90371,,,,137.581,10/1/2023,12/31/2023
90375,,,,277.744,10/1/2023,12/31/2023
90376,,,,170.900,10/1/2023,12/31/2023
90377,,,,250.491,10/1/2023,12/31/2023
90586,,,,145.833,10/1/2023,12/31/2023
90632,,,,70.078,10/1/2023,12/31/2023
90662,,,,73.403,10/1/2023,12/31/2023
90670,,,,257.989,10/1/2023,12/31/2023
90671,,,,246.195,10/1/2023,12/31/2023
90672,,,,27.788,10/1/2023,12/31/2023
90674,,,,34.172,10/1/2023,12/31/2023
90675,,,,328.549,10/1/2023,12/31/2023
90677,,,,288.664,10/1/2023,12/31/2023
90682,,,,73.403,10/1/2023,12/31/2023
90686,,,,22.350,10/1/2023,12/31/2023
90687,,,,10.439,10/1/2023,12/31/2023
90688,,,,20.878,10/1/2023,12/31/2023
90694,,,,77.359,10/1/2023,12/31/2023
90714,,,,28.645,10/1/2023,12/31/2023
90715,,,,38.671,10/1/2023,12/31/2023
90732,,,,133.472,10/1/2023,12/31/2023
90739,,,,160.284,10/1/2023,12/31/2023
90740,,,,152.124,10/1/2023,12/31/2023
90743,,,,73.847,10/1/2023,12/31/2023
90744,,,,29.895,10/1/2023,12/31/2023
90746,,,,70.376,10/1/2023,12/31/2023
90747,,,,140.752,10/1/2023,12/31/2023
90756,,,,32.374,10/1/2023,12/31/2023
90759,,,,73.815,10/1/2023,12/31/2023
91304,,,,148.200,10/1/2023,12/31/2023
91318,,,,65.360,10/1/2023,12/31/2023
91319,,,,87.780,10/1/2023,12/31/2023
91320,,,,131.100,10/1/2023,12/31/2023
91321,,,,145.920,10/1/2023,12/31/2023
91322,,,,145.920,10/1/2023,12/31/2023
A9575,,,,0.123,10/1/2023,12/31/2023
A9576,,,,1.403,10/1/2023,12/31/2023
A9577,,,,1.819,10/1/2023,12/31/2023
A9578,,,,1.821,10/1/2023,12/31/2023
A9579,,,,1.531,10/1/2023,12/31/2023
A9581,,,,14.750,10/1/2023,12/31/2023
A9585,,,,0.324,10/1/2023,12/31/2023
A9589,,,,1265.417,10/1/2023,12/31/2023
J0121,,,,3.604,10/1/2023,12/31/2023
J0122,,,,1.126,10/1/2023,12/31/2023
J0129,,,,42.700,10/1/2023,12/31/2023
J0131,,,,0.072,10/1/2023,12/31/2023
J0132,,,,0.653,10/1/2023,12/31/2023
J0133,,,,0.051,10/1/2023,12/31/2023
J0134,,,,0.051,10/1/2023,12/31/2023
J0136,,,,0.054,10/1/2023,12/31/2023
J0137,,,,0.067,10/1/2023,12/31/2023
J0153,,,,0.536,10/1/2023,12/31/2023
J0171,,,,0.780,10/1/2023,12/31/2023
J0172,,,,5.978,10/1/2023,12/31/2023
J0173,,,,1.706,10/1/2023,12/31/2023
J0174,,,,1.350,10/1/2023,12/31/2023
J0178,,,,868.241,10/1/2023,12/31/2023
J0179,,,,319.249,10/1/2023,12/31/2023
J0180,,,,217.597,10/1/2023,12/31/2023
J0185,,,,1.738,10/1/2023,12/31/2023
J0202,,,,2292.770,10/1/2023,12/31/2023
J0206,,,,5.634,10/1/2023,12/31/2023
J0218,,,,377.113,10/1/2023,12/31/2023
J0219,,,,75.632,10/1/2023,12/31/2023
J0221,,,,197.073,10/1/2023,12/31/2023
J0222,,,,100.171,10/1/2023,12/31/2023
J0223,,,,112.096,10/1/2023,12/31/2023
J0224,,,,319.496,10/1/2023,12/31/2023
J0225,,,,4950.374,10/1/2023,12/31/2023
J0248,,,,6.058,10/1/2023,12/31/2023
J0256,,,,4.806,10/1/2023,12/31/2023
J0257,,,,5.417,10/1/2023,12/31/2023
J0278,,,,0.935,10/1/2023,12/31/2023
J0280,,,,10.593,10/1/2023,12/31/2023
J0285,,,,24.620,10/1/2023,12/31/2023
J0289,,,,27.923,10/1/2023,12/31/2023
J0290,,,,0.945,10/1/2023,12/31/2023
J0291,,,,3.578,10/1/2023,12/31/2023
J0295,,,,2.048,10/1/2023,12/31/2023
J0348,,,,0.545,10/1/2023,12/31/2023
J0360,,,,5.758,10/1/2023,12/31/2023
J0401,,,,6.815,10/1/2023,12/31/2023
J0456,,,,1.787,10/1/2023,12/31/2023
J0457,,,,2.519,10/1/2023,12/31/2023
J0461,,,,0.088,10/1/2023,12/31/2023
J0475,,,,182.263,10/1/2023,12/31/2023
J0476,,,,46.921,10/1/2023,12/31/2023
J0480,,,,4393.541,10/1/2023,12/31/2023
J0485,,,,3.786,10/1/2023,12/31/2023
J0490,,,,51.970,10/1/2023,12/31/2023
J0491,,,,16.595,10/1/2023,12/31/2023
J0500,,,,21.800,10/1/2023,12/31/2023
J0515,,,,22.277,10/1/2023,12/31/2023
J0517,,,,170.559,10/1/2023,12/31/2023
J0558,,,,15.742,10/1/2023,12/31/2023
J0561,,,,20.157,10/1/2023,12/31/2023
J0565,,,,39.844,10/1/2023,12/31/2023
J0583,,,,0.186,10/1/2023,12/31/2023
J0584,,,,433.522,10/1/2023,12/31/2023
J0585,,,,6.325,10/1/2023,12/31/2023
J0586,,,,8.219,10/1/2023,12/31/2023
J0587,,,,13.042,10/1/2023,12/31/2023
J0588,,,,5.189,10/1/2023,12/31/2023
J0592,,,,4.180,10/1/2023,12/31/2023
J0594,,,,1.044,10/1/2023,12/31/2023
J0595,,,,2.543,10/1/2023,12/31/2023
J0596,,,,33.700,10/1/2023,12/31/2023
J0597,,,,64.406,10/1/2023,12/31/2023
J0598,,,,60.725,10/1/2023,12/31/2023
J0612,,,,0.051,10/1/2023,12/31/2023
J0613,,,,0.085,10/1/2023,12/31/2023
J0630,,,,1296.363,10/1/2023,12/31/2023
J0637,,,,5.500,10/1/2023,12/31/2023
J0638,,,,122.055,10/1/2023,12/31/2023
J0640,,,,4.461,10/1/2023,12/31/2023
J0642,,,,1.057,10/1/2023,12/31/2023
J0665,,,,0.016,10/1/2023,12/31/2023
J0670,,,,2.453,10/1/2023,12/31/2023
J0689,,,,1.208,10/1/2023,12/31/2023
J0690,,,,0.727,10/1/2023,12/31/2023
J0692,,,,1.270,10/1/2023,12/31/2023
J0694,,,,5.172,10/1/2023,12/31/2023
J0695,,,,7.481,10/1/2023,12/31/2023
J0696,,,,0.472,10/1/2023,12/31/2023
J0697,,,,1.868,10/1/2023,12/31/2023
J0699,,,,2.173,10/1/2023,12/31/2023
J0701,,,,5.688,10/1/2023,12/31/2023
J0702,,,,6.406,10/1/2023,12/31/2023
J0703,,,,5.092,10/1/2023,12/31/2023
J0712,,,,3.856,10/1/2023,12/31/2023
J0713,,,,1.779,10/1/2023,12/31/2023
J0714,,,,95.437,10/1/2023,12/31/2023
J0717,,,,4.900,10/1/2023,12/31/2023
J0725,,,,21.778,10/1/2023,12/31/2023
J0735,,,,19.585,10/1/2023,12/31/2023
J0736,,,,2.015,10/1/2023,12/31/2023
J0737,,,,2.594,10/1/2023,12/31/2023
J0740,,,,550.376,10/1/2023,12/31/2023
J0741,,,,22.286,10/1/2023,12/31/2023
J0742,,,,2.460,10/1/2023,12/31/2023
J0743,,,,7.925,10/1/2023,12/31/2023
J0744,,,,1.831,10/1/2023,12/31/2023
J0770,,,,13.878,10/1/2023,12/31/2023
J0775,,,,67.747,10/1/2023,12/31/2023
J0780,,,,2.848,10/1/2023,12/31/2023
J0791,,,,126.857,10/1/2023,12/31/2023
J0801,,,,4090.086,10/1/2023,12/31/2023
J0834,,,,32.681,10/1/2023,12/31/2023
J0840,,,,2076.463,10/1/2023,12/31/2023
J0841,,,,1113.511,10/1/2023,12/31/2023
J0850,,,,1667.586,10/1/2023,12/31/2023
J0875,,,,15.214,10/1/2023,12/31/2023
J0877,,,,0.064,10/1/2023,12/31/2023
J0878,,,,0.040,10/1/2023,12/31/2023
J0881,,,,2.945,10/1/2023,12/31/2023
J0882,,,,2.945,10/1/2023,12/31/2023
J0885,,,,7.092,10/1/2023,12/31/2023
J0887,,,,1.709,10/1/2023,12/31/2023
J0888,,,,1.710,10/1/2023,12/31/2023
J0891,,,,0.371,10/1/2023,12/31/2023
J0892,,,,0.371,10/1/2023,12/31/2023
J0893,,,,2.120,10/1/2023,12/31/2023
J0894,,,,1.147,10/1/2023,12/31/2023
J0895,,,,8.591,10/1/2023,12/31/2023
J0896,,,,39.205,10/1/2023,12/31/2023
J0897,,,,24.217,10/1/2023,12/31/2023
J1000,,,,32.669,10/1/2023,12/31/2023
J1020,,,,7.099,10/1/2023,12/31/2023
J1030,,,,7.202,10/1/2023,12/31/2023
J1040,,,,10.757,10/1/2023,12/31/2023
J1071,,,,0.029,10/1/2023,12/31/2023
J1100,,,,0.126,10/1/2023,12/31/2023
J1110,,,,46.517,10/1/2023,12/31/2023
J1120,,,,26.316,10/1/2023,12/31/2023
J1160,,,,11.357,10/1/2023,12/31/2023
J1162,,,,4593.574,10/1/2023,12/31/2023
J1165,,,,0.461,10/1/2023,12/31/2023
J1170,,,,4.023,10/1/2023,12/31/2023
J1190,,,,123.879,10/1/2023,12/31/2023
J1200,,,,0.846,10/1/2023,12/31/2023
J1201,,,,15.178,10/1/2023,12/31/2023
J1205,,,,76.733,10/1/2023,12/31/2023
J1212,,,,681.744,10/1/2023,12/31/2023
J1230,,,,17.516,10/1/2023,12/31/2023
J1240,,,,8.988,10/1/2023,12/31/2023
J1245,,,,3.688,10/1/2023,12/31/2023
J1250,,,,9.822,10/1/2023,12/31/2023
J1265,,,,0.630,10/1/2023,12/31/2023
J1270,,,,0.424,10/1/2023,12/31/2023
J1290,,,,532.245,10/1/2023,12/31/2023
J1300,,,,225.263,10/1/2023,12/31/2023
J1301,,,,21.385,10/1/2023,12/31/2023
J1302,,,,17.743,10/1/2023,12/31/2023
J1303,,,,221.669,10/1/2023,12/31/2023
J1305,,,,179.140,10/1/2023,12/31/2023
J1306,,,,12.021,10/1/2023,12/31/2023
J1322,,,,280.922,10/1/2023,12/31/2023
J1325,,,,16.023,10/1/2023,12/31/2023
J1335,,,,13.192,10/1/2023,12/31/2023
J1364,,,,83.636,10/1/2023,12/31/2023
J1380,,,,10.622,10/1/2023,12/31/2023
J1410,,,,372.476,10/1/2023,12/31/2023
J1430,,,,469.257,10/1/2023,12/31/2023
J1437,,,,20.059,10/1/2023,12/31/2023
J1439,,,,1.123,10/1/2023,12/31/2023
J1440,,,,62.423,10/1/2023,12/31/2023
J1442,,,,0.986,10/1/2023,12/31/2023
J1447,,,,0.416,10/1/2023,12/31/2023
J1448,,,,5.200,10/1/2023,12/31/2023
J1449,,,,31.344,10/1/2023,12/31/2023
J1450,,,,2.306,10/1/2023,12/31/2023
J1453,,,,0.120,10/1/2023,12/31/2023
J1454,,,,528.379,10/1/2023,12/31/2023
J1456,,,,0.174,10/1/2023,12/31/2023
J1458,,,,463.043,10/1/2023,12/31/2023
J1459,,,,47.589,10/1/2023,12/31/2023
J1460,,,,48.766,10/1/2023,12/31/2023
J1551,,,,14.042,10/1/2023,12/31/2023
J1554,,,,491.405,10/1/2023,12/31/2023
J1555,,,,15.725,10/1/2023,12/31/2023
J1556,,,,72.962,10/1/2023,12/31/2023
J1557,,,,57.010,10/1/2023,12/31/2023
J1558,,,,13.971,10/1/2023,12/31/2023
J1559,,,,12.728,10/1/2023,12/31/2023
J1560,,,,487.656,10/1/2023,12/31/2023
J1561,,,,49.262,10/1/2023,12/31/2023
J1566,,,,76.567,10/1/2023,12/31/2023
J1568,,,,44.786,10/1/2023,12/31/2023
J1569,,,,44.460,10/1/2023,12/31/2023
J1570,,,,29.992,10/1/2023,12/31/2023
J1571,,,,62.164,10/1/2023,12/31/2023
J1575,,,,16.888,10/1/2023,12/31/2023
J1576,,,,65.704,10/1/2023,12/31/2023
J1580,,,,2.922,10/1/2023,12/31/2023
J1602,,,,12.931,10/1/2023,12/31/2023
J1610,,,,187.503,10/1/2023,12/31/2023
J1611,,,,110.762,10/1/2023,12/31/2023
J1626,,,,0.385,10/1/2023,12/31/2023
J1627,,,,5.780,10/1/2023,12/31/2023
J1630,,,,1.241,10/1/2023,12/31/2023
J1631,,,,8.038,10/1/2023,12/31/2023
J1640,,,,31.395,10/1/2023,12/31/2023
J1642,,,,0.016,10/1/2023,12/31/2023
J1643,,,,5.183,10/1/2023,12/31/2023
J1644,,,,0.284,10/1/2023,12/31/2023
J1645,,,,15.214,10/1/2023,12/31/2023
J1650,,,,0.655,10/1/2023,12/31/2023
J1652,,,,1.019,10/1/2023,12/31/2023
J1670,,,,584.386,10/1/2023,12/31/2023
J1720,,,,17.672,10/1/2023,12/31/2023
J1740,,,,24.903,10/1/2023,12/31/2023
J1743,,,,542.917,10/1/2023,12/31/2023
J1745,,,,32.637,10/1/2023,12/31/2023
J1746,,,,74.455,10/1/2023,12/31/2023
J1747,,,,60.223,10/1/2023,12/31/2023
J1750,,,,17.407,10/1/2023,12/31/2023
J1756,,,,0.205,10/1/2023,12/31/2023
J1786,,,,44.141,10/1/2023,12/31/2023
J1805,,,,0.245,10/1/2023,12/31/2023
J1806,,,,0.469,10/1/2023,12/31/2023
J1811,,,,6.673,10/1/2023,12/31/2023
J1813,,,,15.675,10/1/2023,12/31/2023
J1817,,,,8.302,10/1/2023,12/31/2023
J1823,,,,473.513,10/1/2023,12/31/2023
J1836,,,,0.024,10/1/2023,12/31/2023
J1885,,,,0.605,10/1/2023,12/31/2023
J1920,,,,0.183,10/1/2023,12/31/2023
J1921,,,,2.721,10/1/2023,12/31/2023
J1930,,,,51.156,10/1/2023,12/31/2023
J1931,,,,37.438,10/1/2023,12/31/2023
J1932,,,,49.971,10/1/2023,12/31/2023
J1940,,,,0.582,10/1/2023,12/31/2023
J1943,,,,3.053,10/1/2023,12/31/2023
J1944,,,,3.105,10/1/2023,12/31/2023
J1950,,,,1524.336,10/1/2023,12/31/2023
J1951,,,,133.639,10/1/2023,12/31/2023
J1952,,,,74.349,10/1/2023,12/31/2023
J1953,,,,0.065,10/1/2023,12/31/2023
J1954,,,,362.053,10/1/2023,12/31/2023
J1955,,,,35.438,10/1/2023,12/31/2023
J1956,,,,0.928,10/1/2023,12/31/2023
J1961,,,,21.793,10/1/2023,12/31/2023
J1980,,,,35.464,10/1/2023,12/31/2023
J2001,,,,0.026,10/1/2023,12/31/2023
J2010,,,,11.041,10/1/2023,12/31/2023
J2020,,,,3.648,10/1/2023,12/31/2023
J2021,,,,13.736,10/1/2023,12/31/2023
J2060,,,,1.010,10/1/2023,12/31/2023
J2150,,,,5.260,10/1/2023,12/31/2023
J2175,,,,6.746,10/1/2023,12/31/2023
J2182,,,,30.166,10/1/2023,12/31/2023
J2184,,,,2.100,10/1/2023,12/31/2023
J2185,,,,0.562,10/1/2023,12/31/2023
J2210,,,,21.086,10/1/2023,12/31/2023
J2247,,,,0.395,10/1/2023,12/31/2023
J2248,,,,0.749,10/1/2023,12/31/2023
J2250,,,,0.166,10/1/2023,12/31/2023
J2251,,,,0.292,10/1/2023,12/31/2023
J2260,,,,1.770,10/1/2023,12/31/2023
J2270,,,,4.316,10/1/2023,12/31/2023
J2272,,,,7.071,10/1/2023,12/31/2023
J2274,,,,11.190,10/1/2023,12/31/2023
J2278,,,,9.036,10/1/2023,12/31/2023
J2280,,,,9.759,10/1/2023,12/31/2023
J2281,,,,5.315,10/1/2023,12/31/2023
J2300,,,,2.873,10/1/2023,12/31/2023
J2305,,,,1.294,10/1/2023,12/31/2023
J2310,,,,9.541,10/1/2023,12/31/2023
J2311,,,,4.311,10/1/2023,12/31/2023
J2315,,,,3.961,10/1/2023,12/31/2023
J2323,,,,24.600,10/1/2023,12/31/2023
J2327,,,,15.332,10/1/2023,12/31/2023
J2329,,,,67.078,10/1/2023,12/31/2023
J2350,,,,60.545,10/1/2023,12/31/2023
J2353,,,,207.156,10/1/2023,12/31/2023
J2354,,,,1.116,10/1/2023,12/31/2023
J2356,,,,18.580,10/1/2023,12/31/2023
J2357,,,,39.090,10/1/2023,12/31/2023
J2358,,,,2.917,10/1/2023,12/31/2023
J2359,,,,0.886,10/1/2023,12/31/2023
J2360,,,,4.672,10/1/2023,12/31/2023
J2372,,,,0.181,10/1/2023,12/31/2023
J2401,,,,0.038,10/1/2023,12/31/2023
J2405,,,,0.090,10/1/2023,12/31/2023
J2406,,,,40.694,10/1/2023,12/31/2023
J2407,,,,27.537,10/1/2023,12/31/2023
J2426,,,,14.340,10/1/2023,12/31/2023
J2427,,,,12.199,10/1/2023,12/31/2023
J2430,,,,10.332,10/1/2023,12/31/2023
J2469,,,,0.884,10/1/2023,12/31/2023
J2501,,,,0.898,10/1/2023,12/31/2023
J2506,,,,74.948,10/1/2023,12/31/2023
J2507,,,,3307.045,10/1/2023,12/31/2023
J2540,,,,0.817,10/1/2023,12/31/2023
J2543,,,,0.886,10/1/2023,12/31/2023
J2545,,,,92.416,10/1/2023,12/31/2023
J2550,,,,3.479,10/1/2023,12/31/2023
J2560,,,,36.252,10/1/2023,12/31/2023
J2562,,,,429.053,10/1/2023,12/31/2023
J2597,,,,6.145,10/1/2023,12/31/2023
J2598,,,,2.555,10/1/2023,12/31/2023
J2599,,,,0.561,10/1/2023,12/31/2023
J2675,,,,0.888,10/1/2023,12/31/2023
J2680,,,,9.873,10/1/2023,12/31/2023
J2690,,,,340.441,10/1/2023,12/31/2023
J2700,,,,0.974,10/1/2023,12/31/2023
J2704,,,,0.096,10/1/2023,12/31/2023
J2720,,,,0.793,10/1/2023,12/31/2023
J2724,,,,15.135,10/1/2023,12/31/2023
J2760,,,,453.659,10/1/2023,12/31/2023
J2765,,,,1.108,10/1/2023,12/31/2023
J2777,,,,36.573,10/1/2023,12/31/2023
J2778,,,,197.372,10/1/2023,12/31/2023
J2779,,,,81.432,10/1/2023,12/31/2023
J2781,,,,153.521,10/1/2023,12/31/2023
J2783,,,,358.429,10/1/2023,12/31/2023
J2785,,,,34.762,10/1/2023,12/31/2023
J2786,,,,10.301,10/1/2023,12/31/2023
J2788,,,,25.510,10/1/2023,12/31/2023
J2790,,,,77.296,10/1/2023,12/31/2023
J2791,,,,4.854,10/1/2023,12/31/2023
J2792,,,,33.457,10/1/2023,12/31/2023
J2794,,,,12.148,10/1/2023,12/31/2023
J2795,,,,0.068,10/1/2023,12/31/2023
J2796,,,,95.752,10/1/2023,12/31/2023
J2798,,,,11.641,10/1/2023,12/31/2023
J2800,,,,6.066,10/1/2023,12/31/2023
J2805,,,,129.036,10/1/2023,12/31/2023
J2820,,,,58.261,10/1/2023,12/31/2023
J2860,,,,148.963,10/1/2023,12/31/2023
J2916,,,,2.095,10/1/2023,12/31/2023
J2920,,,,3.433,10/1/2023,12/31/2023
J2930,,,,4.985,10/1/2023,12/31/2023
J2997,,,,89.161,10/1/2023,12/31/2023
J3000,,,,33.368,10/1/2023,12/31/2023
J3010,,,,0.850,10/1/2023,12/31/2023
J3032,,,,17.434,10/1/2023,12/31/2023
J3060,,,,45.175,10/1/2023,12/31/2023
J3090,,,,1.740,10/1/2023,12/31/2023
J3095,,,,7.153,10/1/2023,12/31/2023
J3101,,,,153.096,10/1/2023,12/31/2023
J3105,,,,14.304,10/1/2023,12/31/2023
J3111,,,,10.347,10/1/2023,12/31/2023
J3121,,,,0.046,10/1/2023,12/31/2023
J3145,,,,1.735,10/1/2023,12/31/2023
J3230,,,,31.784,10/1/2023,12/31/2023
J3240,,,,2011.265,10/1/2023,12/31/2023
J3241,,,,327.998,10/1/2023,12/31/2023
J3243,,,,0.617,10/1/2023,12/31/2023
J3245,,,,142.222,10/1/2023,12/31/2023
J3246,,,,4.405,10/1/2023,12/31/2023
J3250,,,,44.945,10/1/2023,12/31/2023
J3260,,,,2.651,10/1/2023,12/31/2023
J3262,,,,6.188,10/1/2023,12/31/2023
J3285,,,,56.005,10/1/2023,12/31/2023
J3299,,,,48.583,10/1/2023,12/31/2023
J3301,,,,1.156,10/1/2023,12/31/2023
J3304,,,,17.125,10/1/2023,12/31/2023
J3315,,,,401.745,10/1/2023,12/31/2023
J3357,,,,151.458,10/1/2023,12/31/2023
J3358,,,,12.619,10/1/2023,12/31/2023
J3360,,,,7.479,10/1/2023,12/31/2023
J3370,,,,2.086,10/1/2023,12/31/2023
J3371,,,,6.245,10/1/2023,12/31/2023
J3372,,,,6.491,10/1/2023,12/31/2023
J3380,,,,22.296,10/1/2023,12/31/2023
J3385,,,,366.395,10/1/2023,12/31/2023
J3396,,,,11.237,10/1/2023,12/31/2023
J3410,,,,13.150,10/1/2023,12/31/2023
J3411,,,,2.591,10/1/2023,12/31/2023
J3415,,,,13.929,10/1/2023,12/31/2023
J3420,,,,1.325,10/1/2023,12/31/2023
J3430,,,,2.982,10/1/2023,12/31/2023
J3465,,,,0.680,10/1/2023,12/31/2023
J3471,,,,0.501,10/1/2023,12/31/2023
J3473,,,,0.359,10/1/2023,12/31/2023
J3475,,,,0.761,10/1/2023,12/31/2023
J3480,,,,0.112,10/1/2023,12/31/2023
J3485,,,,1.511,10/1/2023,12/31/2023
J3486,,,,9.945,10/1/2023,12/31/2023
J3489,,,,6.934,10/1/2023,12/31/2023
J7030,,,,2.578,10/1/2023,12/31/2023
J7040,,,,1.289,10/1/2023,12/31/2023
J7042,,,,1.171,10/1/2023,12/31/2023
J7050,,,,0.645,10/1/2023,12/31/2023
J7060,,,,1.629,10/1/2023,12/31/2023
J7070,,,,3.259,10/1/2023,12/31/2023
J7120,,,,2.448,10/1/2023,12/31/2023
J7170,,,,51.222,10/1/2023,12/31/2023
J7175,,,,9.112,10/1/2023,12/31/2023
J7177,,,,1.098,10/1/2023,12/31/2023
J7178,,,,1.381,10/1/2023,12/31/2023
J7179,,,,1.832,10/1/2023,12/31/2023
J7180,,,,9.673,10/1/2023,12/31/2023
J7181,,,,17.101,10/1/2023,12/31/2023
J7182,,,,1.309,10/1/2023,12/31/2023
J7183,,,,1.298,10/1/2023,12/31/2023
J7185,,,,1.308,10/1/2023,12/31/2023
J7186,,,,1.218,10/1/2023,12/31/2023
J7187,,,,1.346,10/1/2023,12/31/2023
J7188,,,,3.221,10/1/2023,12/31/2023
J7189,,,,2.407,10/1/2023,12/31/2023
J7190,,,,1.188,10/1/2023,12/31/2023
J7192,,,,1.503,10/1/2023,12/31/2023
J7193,,,,1.320,10/1/2023,12/31/2023
J7194,,,,1.612,10/1/2023,12/31/2023
J7195,,,,1.744,10/1/2023,12/31/2023
J7197,,,,3.714,10/1/2023,12/31/2023
J7198,,,,2.298,10/1/2023,12/31/2023
J7200,,,,1.603,10/1/2023,12/31/2023
J7201,,,,3.466,10/1/2023,12/31/2023
J7202,,,,4.931,10/1/2023,12/31/2023
J7203,,,,4.404,10/1/2023,12/31/2023
J7204,,,,2.055,10/1/2023,12/31/2023
J7205,,,,2.180,10/1/2023,12/31/2023
J7207,,,,2.030,10/1/2023,12/31/2023
J7208,,,,2.346,10/1/2023,12/31/2023
J7209,,,,1.298,10/1/2023,12/31/2023
J7210,,,,1.448,10/1/2023,12/31/2023
J7211,,,,1.425,10/1/2023,12/31/2023
J7212,,,,2.022,10/1/2023,12/31/2023
J7213,,,,1.764,10/1/2023,12/31/2023
J7214,,,,4.733,10/1/2023,12/31/2023
J7308,,,,390.561,10/1/2023,12/31/2023
J7311,,,,341.400,10/1/2023,12/31/2023
J7312,,,,205.685,10/1/2023,12/31/2023
J7313,,,,490.947,10/1/2023,12/31/2023
J7314,,,,529.062,10/1/2023,12/31/2023
J7318,,,,6.271,10/1/2023,12/31/2023
J7320,,,,5.775,10/1/2023,12/31/2023
J7321,,,,75.766,10/1/2023,12/31/2023
J7322,,,,17.295,10/1/2023,12/31/2023
J7323,,,,123.142,10/1/2023,12/31/2023
J7324,,,,136.255,10/1/2023,12/31/2023
J7325,,,,8.770,10/1/2023,12/31/2023
J7326,,,,515.302,10/1/2023,12/31/2023
J7327,,,,728.291,10/1/2023,12/31/2023
J7328,,,,0.541,10/1/2023,12/31/2023
J7329,,,,8.564,10/1/2023,12/31/2023
J7331,,,,11.827,10/1/2023,12/31/2023
J7332,,,,10.338,10/1/2023,12/31/2023
J7336,,,,3.272,10/1/2023,12/31/2023
J7340,,,,226.800,10/1/2023,12/31/2023
J7345,,,,1.660,10/1/2023,12/31/2023
J7351,,,,206.225,10/1/2023,12/31/2023
J7402,,,,11.345,10/1/2023,12/31/2023
J7500,,,,11.752,10/1/2023,12/31/2023
J7502,,,,2.207,10/1/2023,12/31/2023
J7503,,,,1.675,10/1/2023,12/31/2023
J7504,,,,3254.873,10/1/2023,12/31/2023
J7507,,,,0.300,10/1/2023,12/31/2023
J7508,,,,0.553,10/1/2023,12/31/2023
J7509,,,,0.241,10/1/2023,12/31/2023
J7510,,,,0.241,10/1/2023,12/31/2023
J7511,,,,921.169,10/1/2023,12/31/2023
J7512,,,,0.008,10/1/2023,12/31/2023
J7515,,,,0.685,10/1/2023,12/31/2023
J7517,,,,0.198,10/1/2023,12/31/2023
J7518,,,,0.873,10/1/2023,12/31/2023
J7520,,,,3.155,10/1/2023,12/31/2023
J7525,,,,248.745,10/1/2023,12/31/2023
J7527,,,,2.866,10/1/2023,12/31/2023
J7605,,,,2.648,10/1/2023,12/31/2023
J7606,,,,4.879,10/1/2023,12/31/2023
J7608,,,,9.874,10/1/2023,12/31/2023
J7611,,,,0.124,10/1/2023,12/31/2023
J7612,,,,0.225,10/1/2023,12/31/2023
J7613,,,,0.042,10/1/2023,12/31/2023
J7614,,,,0.050,10/1/2023,12/31/2023
J7620,,,,0.153,10/1/2023,12/31/2023
J7626,,,,1.148,10/1/2023,12/31/2023
J7631,,,,1.311,10/1/2023,12/31/2023
J7639,,,,52.254,10/1/2023,12/31/2023
J7644,,,,0.318,10/1/2023,12/31/2023
J7674,,,,0.863,10/1/2023,12/31/2023
J7677,,,,0.189,10/1/2023,12/31/2023
J7682,,,,24.076,10/1/2023,12/31/2023
J7686,,,,733.638,10/1/2023,12/31/2023
J8501,,,,3.458,10/1/2023,12/31/2023
J8520,,,,0.291,10/1/2023,12/31/2023
J8521,,,,1.169,10/1/2023,12/31/2023
J8530,,,,1.006,10/1/2023,12/31/2023
J8540,,,,0.078,10/1/2023,12/31/2023
J8560,,,,76.534,10/1/2023,12/31/2023
J8610,,,,0.255,10/1/2023,12/31/2023
J8655,,,,407.833,10/1/2023,12/31/2023
J8670,,,,1.731,10/1/2023,12/31/2023
J8700,,,,0.187,10/1/2023,12/31/2023
J8705,,,,113.779,10/1/2023,12/31/2023
J9000,,,,2.684,10/1/2023,12/31/2023
J9017,,,,18.499,10/1/2023,12/31/2023
J9021,,,,49.714,10/1/2023,12/31/2023
J9022,,,,82.622,10/1/2023,12/31/2023
J9023,,,,90.894,10/1/2023,12/31/2023
J9025,,,,0.414,10/1/2023,12/31/2023
J9027,,,,23.290,10/1/2023,12/31/2023
J9030,,,,2.917,10/1/2023,12/31/2023
J9032,,,,48.393,10/1/2023,12/31/2023
J9033,,,,11.415,10/1/2023,12/31/2023
J9034,,,,15.861,10/1/2023,12/31/2023
J9035,,,,73.810,10/1/2023,12/31/2023
J9036,,,,15.033,10/1/2023,12/31/2023
J9039,,,,145.313,10/1/2023,12/31/2023
J9040,,,,24.581,10/1/2023,12/31/2023
J9041,,,,2.289,10/1/2023,12/31/2023
J9042,,,,222.114,10/1/2023,12/31/2023
J9043,,,,209.340,10/1/2023,12/31/2023
J9045,,,,2.758,10/1/2023,12/31/2023
J9047,,,,46.897,10/1/2023,12/31/2023
J9049,,,,3.091,10/1/2023,12/31/2023
J9050,,,,409.703,10/1/2023,12/31/2023
J9055,,,,72.276,10/1/2023,12/31/2023
J9056,,,,33.183,10/1/2023,12/31/2023
J9058,,,,33.058,10/1/2023,12/31/2023
J9059,,,,23.130,10/1/2023,12/31/2023
J9060,,,,2.188,10/1/2023,12/31/2023
J9061,,,,19.988,10/1/2023,12/31/2023
J9063,,,,65.754,10/1/2023,12/31/2023
J9065,,,,16.757,10/1/2023,12/31/2023
J9070,,,,17.942,10/1/2023,12/31/2023
J9071,,,,3.869,10/1/2023,12/31/2023
J9100,,,,0.941,10/1/2023,12/31/2023
J9118,,,,72.883,10/1/2023,12/31/2023
J9119,,,,26.921,10/1/2023,12/31/2023
J9120,,,,838.464,10/1/2023,12/31/2023
J9130,,,,3.761,10/1/2023,12/31/2023
J9144,,,,49.310,10/1/2023,12/31/2023
J9145,,,,62.134,10/1/2023,12/31/2023
J9150,,,,31.636,10/1/2023,12/31/2023
J9153,,,,227.936,10/1/2023,12/31/2023
J9155,,,,4.127,10/1/2023,12/31/2023
J9171,,,,0.804,10/1/2023,12/31/2023
J9173,,,,79.741,10/1/2023,12/31/2023
J9176,,,,7.218,10/1/2023,12/31/2023
J9177,,,,35.057,10/1/2023,12/31/2023
J9178,,,,1.446,10/1/2023,12/31/2023
J9179,,,,130.874,10/1/2023,12/31/2023
J9181,,,,0.766,10/1/2023,12/31/2023
J9185,,,,500.459,10/1/2023,12/31/2023
J9190,,,,2.838,10/1/2023,12/31/2023
J9196,,,,3.689,10/1/2023,12/31/2023
J9198,,,,40.280,10/1/2023,12/31/2023
J9200,,,,3551.000,10/1/2023,12/31/2023
J9201,,,,3.932,10/1/2023,12/31/2023
J9202,,,,611.346,10/1/2023,12/31/2023
J9203,,,,221.843,10/1/2023,12/31/2023
J9204,,,,227.344,10/1/2023,12/31/2023
J9205,,,,62.485,10/1/2023,12/31/2023
J9206,,,,2.064,10/1/2023,12/31/2023
J9207,,,,127.574,10/1/2023,12/31/2023
J9208,,,,25.891,10/1/2023,12/31/2023
J9209,,,,1.524,10/1/2023,12/31/2023
J9210,,,,390.158,10/1/2023,12/31/2023
J9211,,,,36.346,10/1/2023,12/31/2023
J9217,,,,166.685,10/1/2023,12/31/2023
J9218,,,,7.875,10/1/2023,12/31/2023
J9223,,,,196.820,10/1/2023,12/31/2023
J9226,,,,44695.101,10/1/2023,12/31/2023
J9227,,,,74.641,10/1/2023,12/31/2023
J9228,,,,168.560,10/1/2023,12/31/2023
J9229,,,,2529.553,10/1/2023,12/31/2023
J9245,,,,176.252,10/1/2023,12/31/2023
J9246,,,,16.083,10/1/2023,12/31/2023
J9250,,,,0.233,10/1/2023,12/31/2023
J9259 ,,,,16.226,10/1/2023,12/31/2023
J9260,,,,2.325,10/1/2023,12/31/2023
J9261,,,,116.647,10/1/2023,12/31/2023
J9262,,,,3.962,10/1/2023,12/31/2023
J9263,,,,0.069,10/1/2023,12/31/2023
J9264,,,,14.785,10/1/2023,12/31/2023
J9266,,,,25781.458,10/1/2023,12/31/2023
J9267,,,,0.118,10/1/2023,12/31/2023
J9268,,,,2336.979,10/1/2023,12/31/2023
J9269,,,,324.482,10/1/2023,12/31/2023
J9271,,,,56.412,10/1/2023,12/31/2023
J9272,,,,230.819,10/1/2023,12/31/2023
J9273,,,,168.262,10/1/2023,12/31/2023
J9274,,,,203.827,10/1/2023,12/31/2023
J9280,,,,95.610,10/1/2023,12/31/2023
J9281,,,,294.366,10/1/2023,12/31/2023
J9293,,,,41.393,10/1/2023,12/31/2023
J9294,,,,4.978,10/1/2023,12/31/2023
J9295,,,,5.737,10/1/2023,12/31/2023
J9297,,,,2.285,10/1/2023,12/31/2023
J9298,,,,183.617,10/1/2023,12/31/2023
J9299,,,,30.426,10/1/2023,12/31/2023
J9301,,,,70.286,10/1/2023,12/31/2023
J9303,,,,149.717,10/1/2023,12/31/2023
J9304,,,,66.230,10/1/2023,12/31/2023
J9305,,,,3.223,10/1/2023,12/31/2023
J9306,,,,15.423,10/1/2023,12/31/2023
J9307,,,,298.179,10/1/2023,12/31/2023
J9308,,,,69.003,10/1/2023,12/31/2023
J9309,,,,121.234,10/1/2023,12/31/2023
J9311,,,,37.133,10/1/2023,12/31/2023
J9312,,,,80.192,10/1/2023,12/31/2023
J9313,,,,23.394,10/1/2023,12/31/2023
J9316,,,,67.906,10/1/2023,12/31/2023
J9317,,,,33.260,10/1/2023,12/31/2023
J9319,,,,30.659,10/1/2023,12/31/2023
J9325,,,,66.295,10/1/2023,12/31/2023
J9328,,,,10.400,10/1/2023,12/31/2023
J9330,,,,29.679,10/1/2023,12/31/2023
J9331,,,,107.658,10/1/2023,12/31/2023
J9332,,,,32.108,10/1/2023,12/31/2023
J9340,,,,260.251,10/1/2023,12/31/2023
J9347,,,,136.306,10/1/2023,12/31/2023
J9348,,,,579.537,10/1/2023,12/31/2023
J9349,,,,13.288,10/1/2023,12/31/2023
J9350,,,,629.703,10/1/2023,12/31/2023
J9351,,,,1.085,10/1/2023,12/31/2023
J9352,,,,338.410,10/1/2023,12/31/2023
J9353,,,,45.930,10/1/2023,12/31/2023
J9354,,,,38.339,10/1/2023,12/31/2023
J9355,,,,80.785,10/1/2023,12/31/2023
J9356,,,,66.000,10/1/2023,12/31/2023
J9357,,,,1426.652,10/1/2023,12/31/2023
J9358,,,,26.384,10/1/2023,12/31/2023
J9359,,,,195.936,10/1/2023,12/31/2023
J9360,,,,4.071,10/1/2023,12/31/2023
J9370,,,,7.939,10/1/2023,12/31/2023
J9380,,,,30.899,10/1/2023,12/31/2023
J9381,,,,36.230,10/1/2023,12/31/2023
J9390,,,,8.106,10/1/2023,12/31/2023
J9394,,,,53.000,10/1/2023,12/31/2023
J9395,,,,8.357,10/1/2023,12/31/2023
J9400,,,,7.806,10/1/2023,12/31/2023
P9041,,,,10.615,10/1/2023,12/31/2023
P9045,,,,53.077,10/1/2023,12/31/2023
P9046,,,,21.231,10/1/2023,12/31/2023
P9047,,,,53.077,10/1/2023,12/31/2023
Q0138,,,,0.503,10/1/2023,12/31/2023
Q0139,,,,0.503,10/1/2023,12/31/2023
Q0162,,,,0.016,10/1/2023,12/31/2023
Q0167,,,,0.624,10/1/2023,12/31/2023
Q2041,,,,449341.851,10/1/2023,12/31/2023
Q2042,,,,484623.489,10/1/2023,12/31/2023
Q2043,,,,53472.873,10/1/2023,12/31/2023
Q2050,,,,144.845,10/1/2023,12/31/2023
Q2053,,,,449440.000,10/1/2023,12/31/2023
Q2054,,,,473458.426,10/1/2023,12/31/2023
Q2055,,,,483453.660,10/1/2023,12/31/2023
Q2056,,,,497024.646,10/1/2023,12/31/2023
Q3027,,,,53.875,10/1/2023,12/31/2023
Q4074,,,,146.709,10/1/2023,12/31/2023
Q4081,,,,0.709,10/1/2023,12/31/2023
Q4101,,,,30.300,10/1/2023,12/31/2023
Q4102,,,,12.500,10/1/2023,12/31/2023
Q4103,,,,12.622,10/1/2023,12/31/2023
Q4104,,,,49.347,10/1/2023,12/31/2023
Q4105,,,,23.489,10/1/2023,12/31/2023
Q4106,,,,27.816,10/1/2023,12/31/2023
Q4108,,,,44.627,10/1/2023,12/31/2023
Q4110,,,,41.359,10/1/2023,12/31/2023
Q4111,,,,7.332,10/1/2023,12/31/2023
Q4114,,,,1537.550,10/1/2023,12/31/2023
Q4115,,,,12.824,10/1/2023,12/31/2023
Q4117,,,,20.454,10/1/2023,12/31/2023
Q4118,,,,2.515,10/1/2023,12/31/2023
Q4121,,,,45.596,10/1/2023,12/31/2023
Q4123,,,,32.993,10/1/2023,12/31/2023
Q4124,,,,8.902,10/1/2023,12/31/2023
Q4126,,,,92.456,10/1/2023,12/31/2023
Q4127,,,,66.707,10/1/2023,12/31/2023
Q4128,,,,30.699,10/1/2023,12/31/2023
Q4132,,,,207.724,10/1/2023,12/31/2023
Q4133,,,,140.816,10/1/2023,12/31/2023
Q4137,,,,102.900,10/1/2023,12/31/2023
Q4141,,,,74.214,10/1/2023,12/31/2023
Q4143,,,,29.680,10/1/2023,12/31/2023
Q4147,,,,111.889,10/1/2023,12/31/2023
Q4150,,,,79.908,10/1/2023,12/31/2023
Q4151,,,,135.290,10/1/2023,12/31/2023
Q4152,,,,52.118,10/1/2023,12/31/2023
Q4153,,,,169.060,10/1/2023,12/31/2023
Q4154,,,,133.594,10/1/2023,12/31/2023
Q4159,,,,367.052,10/1/2023,12/31/2023
Q4160,,,,96.261,10/1/2023,12/31/2023
Q4161,,,,134.816,10/1/2023,12/31/2023
Q4163,,,,178.825,10/1/2023,12/31/2023
Q4164,,,,1337.847,10/1/2023,12/31/2023
Q4166,,,,19.269,10/1/2023,12/31/2023
Q4168,,,,17.256,10/1/2023,12/31/2023
Q4169,,,,193.841,10/1/2023,12/31/2023
Q4170,,,,56.900,10/1/2023,12/31/2023
Q4171,,,,14.264,10/1/2023,12/31/2023
Q4173,,,,400.835,10/1/2023,12/31/2023
Q4175,,,,64.613,10/1/2023,12/31/2023
Q4178,,,,77.976,10/1/2023,12/31/2023
Q4180,,,,650.161,10/1/2023,12/31/2023
Q4186,,,,149.729,10/1/2023,12/31/2023
Q4187,,,,244.080,10/1/2023,12/31/2023
Q4190,,,,433.016,10/1/2023,12/31/2023
Q4196,,,,103.471,10/1/2023,12/31/2023
Q4197,,,,148.072,10/1/2023,12/31/2023
Q4199,,,,352.248,10/1/2023,12/31/2023
Q4201,,,,121.388,10/1/2023,12/31/2023
Q4203,,,,289.409,10/1/2023,12/31/2023
Q4205,,,,1484.000,10/1/2023,12/31/2023
Q4210,,,,848.000,10/1/2023,12/31/2023
Q4217,,,,784.230,10/1/2023,12/31/2023
Q4222,,,,102.034,10/1/2023,12/31/2023
Q4226,,,,246.969,10/1/2023,12/31/2023
Q4227,,,,147.210,10/1/2023,12/31/2023
Q4229,,,,162.008,10/1/2023,12/31/2023
Q4232,,,,148.990,10/1/2023,12/31/2023
Q4234,,,,513.177,10/1/2023,12/31/2023
Q4235,,,,148.456,10/1/2023,12/31/2023
Q4236,,,,1111.365,10/1/2023,12/31/2023
Q4246,,,,2968.000,10/1/2023,12/31/2023
Q4247,,,,530.000,10/1/2023,12/31/2023
Q4248,,,,1049.398,10/1/2023,12/31/2023
Q4252,,,,121.707,10/1/2023,12/31/2023
Q4253,,,,425.615,10/1/2023,12/31/2023
Q4258,,,,69.617,10/1/2023,12/31/2023
Q4259,,,,997.699,10/1/2023,12/31/2023
Q4262,,,,1006.323,10/1/2023,12/31/2023
Q4278,,,,530.000,10/1/2023,12/31/2023
Q5101,,,,0.170,10/1/2023,12/31/2023
Q5103,,,,13.931,10/1/2023,12/31/2023
Q5104,,,,32.562,10/1/2023,12/31/2023
Q5105,,,,0.725,10/1/2023,12/31/2023
Q5106,,,,7.252,10/1/2023,12/31/2023
Q5107,,,,27.853,10/1/2023,12/31/2023
Q5108,,,,96.464,10/1/2023,12/31/2023
Q5110,,,,0.297,10/1/2023,12/31/2023
Q5111,,,,150.780,10/1/2023,12/31/2023
Q5112,,,,41.651,10/1/2023,12/31/2023
Q5113,,,,20.183,10/1/2023,12/31/2023
Q5114,,,,40.040,10/1/2023,12/31/2023
Q5115,,,,37.626,10/1/2023,12/31/2023
Q5116,,,,19.622,10/1/2023,12/31/2023
Q5117,,,,24.341,10/1/2023,12/31/2023
Q5118,,,,23.737,10/1/2023,12/31/2023
Q5119,,,,22.304,10/1/2023,12/31/2023
Q5121,,,,26.468,10/1/2023,12/31/2023
Q5122,,,,88.980,10/1/2023,12/31/2023
Q5123,,,,43.475,10/1/2023,12/31/2023
Q5124,,,,199.552,10/1/2023,12/31/2023
Q5125,,,,0.525,10/1/2023,12/31/2023
Q5126,,,,63.916,10/1/2023,12/31/2023
Q5127,,,,349.140,10/1/2023,12/31/2023
Q5128,,,,273.264,10/1/2023,12/31/2023
Q5129,,,,69.772,10/1/2023,12/31/2023
Q5130,,,,208.796,10/1/2023,12/31/2023
Q9950,,,,18.778,10/1/2023,12/31/2023
Q9956,,,,42.666,10/1/2023,12/31/2023
Q9957,,,,42.666,10/1/2023,12/31/2023
Q9958,,,,0.077,10/1/2023,12/31/2023
Q9961,,,,0.277,10/1/2023,12/31/2023
Q9963,,,,0.215,10/1/2023,12/31/2023
Q9965,,,,1.074,10/1/2023,12/31/2023
Q9966,,,,0.407,10/1/2023,12/31/2023
Q9967,,,,0.131,10/1/2023,12/31/2023
Q9991,,,,1886.977,10/1/2023,12/31/2023
Q9992,,,,1886.977,10/1/2023,12/31/2023
